total_txn_count,total_txn_amount,avg_txn_value,fee_percent,cluster
10065.8,3011260.2,299.15736455867767,0.3999487358369387,0
9975.0,3085481.0,309.32140350877194,0.40092808868374163,1
9924.0,2957177.25,297.98677474965416,0.40047833665789223,2
