cluster,biller_count,total_txn_count,total_txn_amount,avg_txn_value,avg_fee_percent,unique_customers,txn_count_pct,txn_amount_pct
0,5,50329,15056301,299.1573645586776,0.3999487358369387,50329,50.329,50.23708487124886
1,1,9975,3085481,309.32140350877194,0.40092808868374163,9975,9.975000000000001,10.295063234032435
2,4,39696,11828709,297.98677474965416,0.40047833665789223,39696,39.696,39.467851894718706
