k,inertia,silhouette
2,23.98061215248094,0.29358577165223554
3,13.022632892231663,0.31484734276259185
4,7.800413808095046,0.2606786787923838
5,5.723836125889537,0.19692553074641092
6,3.1772656721804493,0.22718623751354752
7,1.938602314024866,0.1862184159529072
8,1.135517113081053,0.12658093101331358
9,0.38392203358968746,0.04989441374360031
